Representation,Weighted F1
BoW,0.728400507691259
TF-IDF,0.746893632561252
Word2Vec,0.7272324322177265
